insert into payment (payment_id, payment_info, payment_time, customer_id, membership_card_id) values (1, 'Morbi non quam nec dui luctus rutrum.', '2023-01-22 11:40:47', 61, 1);
insert into payment (payment_id, payment_info, payment_time, customer_id, membership_card_id) values (2, 'Etiam pretium iaculis justo.', '2022-06-14 09:04:10', 62, NULL);
insert into payment (payment_id, payment_info, payment_time, customer_id, membership_card_id) values (3, 'Donec semper sapien a libero.', '2022-05-24 00:32:43', 63, 3);
insert into payment (payment_id, payment_info, payment_time, customer_id, membership_card_id) values (4, 'Donec quis orci eget orci vehicula condimentum.', '2022-06-08 22:09:31', 64, NULL);
insert into payment (payment_id, payment_info, payment_time, customer_id, membership_card_id) values (5, 'Fusce posuere felis sed lacus.', '2022-07-05 06:58:54', 65, 5);
insert into payment (payment_id, payment_info, payment_time, customer_id, membership_card_id) values (6, 'Praesent lectus.', '2023-01-01 23:31:23', 66, NULL);
insert into payment (payment_id, payment_info, payment_time, customer_id, membership_card_id) values (7, 'Curabitur at ipsum ac tellus semper interdum.', '2022-05-12 11:32:39', 67, 7);
insert into payment (payment_id, payment_info, payment_time, customer_id, membership_card_id) values (8, 'Morbi non quam nec dui luctus rutrum.', '2022-07-21 01:47:52', 68, NULL);
insert into payment (payment_id, payment_info, payment_time, customer_id, membership_card_id) values (9, 'Aliquam non mauris.', '2023-04-02 03:24:59', 69, 9);
insert into payment (payment_id, payment_info, payment_time, customer_id, membership_card_id) values (10, 'Quisque id justo sit amet sapien dignissim vestibulum.', '2023-04-13 04:40:23', 70, NULL);
insert into payment (payment_id, payment_info, payment_time, customer_id, membership_card_id) values (11, 'Aenean fermentum.', '2022-05-27 06:06:23', 71, 11);
insert into payment (payment_id, payment_info, payment_time, customer_id, membership_card_id) values (12, 'Cras pellentesque volutpat dui.', '2022-05-25 10:33:21', 72, NULL);
insert into payment (payment_id, payment_info, payment_time, customer_id, membership_card_id) values (13, 'Cras mi pede, malesuada in, imperdiet et, commodo vulputate, justo.', '2022-11-01 17:10:58', 73, NULL);
insert into payment (payment_id, payment_info, payment_time, customer_id, membership_card_id) values (14, 'In sagittis dui vel nisl.', '2023-03-01 11:46:17', 74, NULL);
insert into payment (payment_id, payment_info, payment_time, customer_id, membership_card_id) values (15, 'Vestibulum rutrum rutrum neque.', '2023-03-20 05:28:34', 75, NULL);
insert into payment (payment_id, payment_info, payment_time, customer_id, membership_card_id) values (16, 'Aenean fermentum.', '2022-12-07 03:08:51', 76, NULL);
insert into payment (payment_id, payment_info, payment_time, customer_id, membership_card_id) values (17, 'In hac habitasse platea dictumst.', '2022-12-03 07:40:35', 77, NULL);
insert into payment (payment_id, payment_info, payment_time, customer_id, membership_card_id) values (18, 'Sed ante.', '2022-10-10 18:27:06', 78, NULL);
insert into payment (payment_id, payment_info, payment_time, customer_id, membership_card_id) values (19, 'Aenean auctor gravida sem.', '2022-07-15 06:28:35', 79, NULL);
insert into payment (payment_id, payment_info, payment_time, customer_id, membership_card_id) values (20, 'Nulla justo.', '2022-12-11 15:26:28', 80, NULL);
insert into payment (payment_id, payment_info, payment_time, customer_id, membership_card_id) values (21, 'Aliquam augue quam, sollicitudin vitae, consectetuer eget, rutrum at, lorem.', '2022-11-24 20:50:26', 81, NULL);
insert into payment (payment_id, payment_info, payment_time, customer_id, membership_card_id) values (22, 'Aliquam augue quam, sollicitudin vitae, consectetuer eget, rutrum at, lorem.', '2022-05-21 12:48:49', 82, NULL);
insert into payment (payment_id, payment_info, payment_time, customer_id, membership_card_id) values (23, 'Sed ante.', '2022-07-22 21:59:49', 83, NULL);
insert into payment (payment_id, payment_info, payment_time, customer_id, membership_card_id) values (24, 'Suspendisse potenti.', '2022-12-09 08:58:04', 84, NULL);
insert into payment (payment_id, payment_info, payment_time, customer_id, membership_card_id) values (25, 'Aliquam augue quam, sollicitudin vitae, consectetuer eget, rutrum at, lorem.', '2022-07-26 19:58:14', 85, NULL);
insert into payment (payment_id, payment_info, payment_time, customer_id, membership_card_id) values (26, 'Nullam varius.', '2022-11-11 13:39:19', 86, NULL);
insert into payment (payment_id, payment_info, payment_time, customer_id, membership_card_id) values (27, 'Quisque ut erat.', '2022-12-28 09:08:55', 87, NULL);
insert into payment (payment_id, payment_info, payment_time, customer_id, membership_card_id) values (28, 'In quis justo.', '2022-11-07 07:38:58', 88, NULL);
insert into payment (payment_id, payment_info, payment_time, customer_id, membership_card_id) values (29, 'In est risus, auctor sed, tristique in, tempus sit amet, sem.', '2023-01-08 09:08:00', 89, NULL);
insert into payment (payment_id, payment_info, payment_time, customer_id, membership_card_id) values (30, 'Phasellus sit amet erat.', '2023-04-07 03:05:38', 90, NULL);




insert into payment_method (payment_id, payment_method) values (1, 'Cash');
insert into payment_method (payment_id, payment_method) values (2, 'Membership Card');
insert into payment_method (payment_id, payment_method) values (3, 'Credit Card');
insert into payment_method (payment_id, payment_method) values (4, 'Debit Card');
insert into payment_method (payment_id, payment_method) values (5, 'Credit Card');
insert into payment_method (payment_id, payment_method) values (6, 'Membership Card');
insert into payment_method (payment_id, payment_method) values (7, 'Membership Card');
insert into payment_method (payment_id, payment_method) values (8, 'Cash');
insert into payment_method (payment_id, payment_method) values (9, 'Cash');
insert into payment_method (payment_id, payment_method) values (10, 'Debit Card');
insert into payment_method (payment_id, payment_method) values (11, 'Debit Card');
insert into payment_method (payment_id, payment_method) values (12, 'Membership Card');
insert into payment_method (payment_id, payment_method) values (13, 'Credit Card');
insert into payment_method (payment_id, payment_method) values (14, 'Membership Card');
insert into payment_method (payment_id, payment_method) values (15, 'Cash');
insert into payment_method (payment_id, payment_method) values (16, 'Membership Card');
insert into payment_method (payment_id, payment_method) values (17, 'Cash');
insert into payment_method (payment_id, payment_method) values (18, 'Credit Card');
insert into payment_method (payment_id, payment_method) values (19, 'Credit Card');
insert into payment_method (payment_id, payment_method) values (20, 'Credit Card');
insert into payment_method (payment_id, payment_method) values (21, 'Cash');
insert into payment_method (payment_id, payment_method) values (22, 'Debit Card');
insert into payment_method (payment_id, payment_method) values (23, 'Credit Card');
insert into payment_method (payment_id, payment_method) values (24, 'Cash');
insert into payment_method (payment_id, payment_method) values (25, 'Cash');
insert into payment_method (payment_id, payment_method) values (26, 'Credit Card');
insert into payment_method (payment_id, payment_method) values (27, 'Debit Card');
insert into payment_method (payment_id, payment_method) values (28, 'Credit Card');
insert into payment_method (payment_id, payment_method) values (29, 'Credit Card');
insert into payment_method (payment_id, payment_method) values (30, 'Cash');



insert into payment_info (cashier_id, payment_id, customer_id) values ('E004', 1, 61);
insert into payment_info (cashier_id, payment_id, customer_id) values ('E011', 2, 62);
insert into payment_info (cashier_id, payment_id, customer_id) values ('E015', 3, 63);
insert into payment_info (cashier_id, payment_id, customer_id) values ('E016', 4, 64);
insert into payment_info (cashier_id, payment_id, customer_id) values ('E041', 5, 65);
insert into payment_info (cashier_id, payment_id, customer_id) values ('E057', 6, 66);
insert into payment_info (cashier_id, payment_id, customer_id) values ('E061', 7, 67);
insert into payment_info (cashier_id, payment_id, customer_id) values ('E063', 8, 68);
insert into payment_info (cashier_id, payment_id, customer_id) values ('E064', 9, 69);
insert into payment_info (cashier_id, payment_id, customer_id) values ('E067', 10, 70);
insert into payment_info (cashier_id, payment_id, customer_id) values ('E069', 11, 71);
insert into payment_info (cashier_id, payment_id, customer_id) values ('E091', 12, 72);
insert into payment_info (cashier_id, payment_id, customer_id) values ('E093', 13, 73);
insert into payment_info (cashier_id, payment_id, customer_id) values ('E094', 14, 74);
insert into payment_info (cashier_id, payment_id, customer_id) values ('E098', 15, 75);
insert into payment_info (cashier_id, payment_id, customer_id) values ('E099', 16, 76);
insert into payment_info (cashier_id, payment_id, customer_id) values ('E004', 17, 77);
insert into payment_info (cashier_id, payment_id, customer_id) values ('E011', 18, 78);
insert into payment_info (cashier_id, payment_id, customer_id) values ('E015', 19, 79);
insert into payment_info (cashier_id, payment_id, customer_id) values ('E016', 20, 80);
insert into payment_info (cashier_id, payment_id, customer_id) values ('E041', 21, 81);
insert into payment_info (cashier_id, payment_id, customer_id) values ('E057', 22, 82);
insert into payment_info (cashier_id, payment_id, customer_id) values ('E061', 23, 83);
insert into payment_info (cashier_id, payment_id, customer_id) values ('E063', 24, 84);
insert into payment_info (cashier_id, payment_id, customer_id) values ('E064', 25, 85);
insert into payment_info (cashier_id, payment_id, customer_id) values ('E067', 26, 86);
insert into payment_info (cashier_id, payment_id, customer_id) values ('E069', 27, 87);
insert into payment_info (cashier_id, payment_id, customer_id) values ('E091', 28, 88);
insert into payment_info (cashier_id, payment_id, customer_id) values ('E093', 29, 89);
insert into payment_info (cashier_id, payment_id, customer_id) values ('E094', 30, 90);