insert into store (store_id, store_name, store_floor_location) values (1, 'Ankunding, Mueller and Wilderman', 1);
insert into store (store_id, store_name, store_floor_location) values (2, 'Walter, Tremblay and Strosin', 2);
insert into store (store_id, store_name, store_floor_location) values (3, 'Roob, Rutherford and Hegmann', 8);
insert into store (store_id, store_name, store_floor_location) values (4, 'Bartell-Stehr', 6);
insert into store (store_id, store_name, store_floor_location) values (5, 'Renner-Tillman', 1);
insert into store (store_id, store_name, store_floor_location) values (6, 'Jones-Marvin', 2);
insert into store (store_id, store_name, store_floor_location) values (7, 'Bergnaum, Lind and Torphy', 3);
insert into store (store_id, store_name, store_floor_location) values (8, 'Reichert, Jenkins and Farrell', 10);
insert into store (store_id, store_name, store_floor_location) values (9, 'Kihn-Koelpin', 8);
insert into store (store_id, store_name, store_floor_location) values (10, 'Flatley, Jacobs and Jones', 4);
insert into store (store_id, store_name, store_floor_location) values (11, 'Gislason-Zboncak', 2);
insert into store (store_id, store_name, store_floor_location) values (12, 'Botsford, Lebsack and Bartoletti', 6);
insert into store (store_id, store_name, store_floor_location) values (13, 'Quigley and Sons', 1);
insert into store (store_id, store_name, store_floor_location) values (14, 'Armstrong, Dicki and Kuhn', 9);
insert into store (store_id, store_name, store_floor_location) values (15, 'Miller, Heller and Stroman', 2);
insert into store (store_id, store_name, store_floor_location) values (16, 'Lebsack and Sons', 8);
insert into store (store_id, store_name, store_floor_location) values (17, 'Gulgowski-Jacobs', 7);
insert into store (store_id, store_name, store_floor_location) values (18, 'Morissette and Sons', 4);
insert into store (store_id, store_name, store_floor_location) values (19, 'McKenzie, Kuphal and Kohler', 5);
insert into store (store_id, store_name, store_floor_location) values (20, 'Gerhold and Sons', 1);
insert into store (store_id, store_name, store_floor_location) values (21, 'Christiansen-Wiegand', 9);
insert into store (store_id, store_name, store_floor_location) values (22, 'Hoppe, Mayer and Jacobs', 8);
insert into store (store_id, store_name, store_floor_location) values (23, 'Feest Group', 3);
insert into store (store_id, store_name, store_floor_location) values (24, 'McLaughlin LLC', 1);
insert into store (store_id, store_name, store_floor_location) values (25, 'Lakin, Konopelski and Kuhlman', 7);


insert into store_type (store_id, store_type) values (1, 'Industrial');
insert into store_type (store_id, store_type) values (2, 'Music');
insert into store_type (store_id, store_type) values (3, 'Shoes');
insert into store_type (store_id, store_type) values (4, 'Baby');
insert into store_type (store_id, store_type) values (5, 'Computers');
insert into store_type (store_id, store_type) values (6, 'Kids');
insert into store_type (store_id, store_type) values (7, 'Music');
insert into store_type (store_id, store_type) values (8, 'Books');
insert into store_type (store_id, store_type) values (9, 'Grocery');
insert into store_type (store_id, store_type) values (10, 'Kids');
insert into store_type (store_id, store_type) values (11, 'Industrial');
insert into store_type (store_id, store_type) values (12, 'Games');
insert into store_type (store_id, store_type) values (13, 'Music');
insert into store_type (store_id, store_type) values (14, 'Books');
insert into store_type (store_id, store_type) values (15, 'Clothing');
insert into store_type (store_id, store_type) values (16, 'Baby');
insert into store_type (store_id, store_type) values (17, 'Home');
insert into store_type (store_id, store_type) values (18, 'Movies');
insert into store_type (store_id, store_type) values (19, 'Games');
insert into store_type (store_id, store_type) values (20, 'Grocery');
insert into store_type (store_id, store_type) values (21, 'Home');
insert into store_type (store_id, store_type) values (22, 'Computers');
insert into store_type (store_id, store_type) values (23, 'Music');
insert into store_type (store_id, store_type) values (24, 'Automotive');
insert into store_type (store_id, store_type) values (25, 'Books');


insert into store_info (store_id, floor_id) values (1, 10);
insert into store_info (store_id, floor_id) values (2, 20);
insert into store_info (store_id, floor_id) values (3, 21);
insert into store_info (store_id, floor_id) values (4, 22);
insert into store_info (store_id, floor_id) values (5, 23);
insert into store_info (store_id, floor_id) values (6, 16);
insert into store_info (store_id, floor_id) values (7, 17);
insert into store_info (store_id, floor_id) values (8, 18);
insert into store_info (store_id, floor_id) values (9, 19);
insert into store_info (store_id, floor_id) values (10, 9);
insert into store_info (store_id, floor_id) values (11, 11);
insert into store_info (store_id, floor_id) values (12, 12);
insert into store_info (store_id, floor_id) values (13, 13);
insert into store_info (store_id, floor_id) values (14, 14);
insert into store_info (store_id, floor_id) values (15, 15);
insert into store_info (store_id, floor_id) values (16, 24);
insert into store_info (store_id, floor_id) values (17, 25);
insert into store_info (store_id, floor_id) values (18, 4);
insert into store_info (store_id, floor_id) values (19, 5);
insert into store_info (store_id, floor_id) values (20, 6);
insert into store_info (store_id, floor_id) values (21, 7);
insert into store_info (store_id, floor_id) values (22, 8);
insert into store_info (store_id, floor_id) values (23, 1);
insert into store_info (store_id, floor_id) values (24, 2);
insert into store_info (store_id, floor_id) values (25, 3);