insert into employee (employee_id, salary, date_of_birth, member_id, person_id) values ('E085' , '$2391.94', '2000-06-06', 13, 1);
insert into employee (employee_id, salary, date_of_birth, member_id, person_id) values ('E014' , '$2776.43', '2000-06-13', 15, 2);
insert into employee (employee_id, salary, date_of_birth, member_id, person_id) values ('E002', '$1302.42', '2000-02-24', 17, 3);
insert into employee (employee_id, salary, date_of_birth, member_id, person_id) values ('E043' , '$1045.48', '2000-11-23', 19, 4);
insert into employee (employee_id, salary, date_of_birth, member_id, person_id) values ('E055' , '$6049.73', '2000-08-09', 21, 5);
insert into employee (employee_id, salary, date_of_birth, member_id, person_id) values ('E057' , '$4685.41', '2000-08-27', 23, 6);
insert into employee (employee_id, salary, date_of_birth, member_id, person_id) values ('E089' , '$7658.32', '2000-11-25', 25, 7);
insert into employee (employee_id, salary, date_of_birth, member_id, person_id) values ('E069' , '$6075.87', '2000-11-28', 27, 8);
insert into employee (employee_id, salary, date_of_birth, member_id, person_id) values ('E088' , '$5588.60', '2000-04-22', 29, 9);
insert into employee (employee_id, salary, date_of_birth, member_id, person_id) values ('E036' , '$5966.03', '2000-02-05', 31, 10);
insert into employee (employee_id, salary, date_of_birth, member_id, person_id) values ('E005' , '$1470.08', '2000-04-05', 33, 11);
insert into employee (employee_id, salary, date_of_birth, member_id, person_id) values ('E066' , '$3904.59', '2000-08-02', 35, 12);
insert into employee (employee_id, salary, date_of_birth, member_id, person_id) values ('E033', '$341.97', '2000-11-19', 37, 13);
insert into employee (employee_id, salary, date_of_birth, member_id, person_id) values ('E018' , '$3548.63', '2000-05-25', 39, 14);
insert into employee (employee_id, salary, date_of_birth, member_id, person_id) values ('E092' , '$812.83', '2000-11-05', 41, 15);
insert into employee (employee_id, salary, date_of_birth, member_id, person_id) values ('E063' , '$2564.01', '2000-12-25', 43, 16);
insert into employee (employee_id, salary, date_of_birth, member_id, person_id) values ('E094' , '$7280.43', '2000-01-08', 45, 17);
insert into employee (employee_id, salary, date_of_birth, member_id, person_id) values ('E028' , '$1899.44', '2000-01-02', 47, 18);
insert into employee (employee_id, salary, date_of_birth, member_id, person_id) values ('E064' , '$6012.73', '2000-11-19', 49, 19);
insert into employee (employee_id, salary, date_of_birth, member_id, person_id) values ('E073' , '$6050.01', '2000-08-05', 51, 20);
insert into employee (employee_id, salary, date_of_birth, member_id, person_id) values ('E093' , '$5496.29', '2000-04-06', 53, 21);
insert into employee (employee_id, salary, date_of_birth, member_id, person_id) values ('E013' , '$6172.21', '2000-05-15', 55, 22);
insert into employee (employee_id, salary, date_of_birth, member_id, person_id) values ('E026' , '$1092.05', '2000-10-11', 57, 23);
insert into employee (employee_id, salary, date_of_birth, member_id, person_id) values ('E061' , '$465.31', '2000-05-10', 59, 24);
insert into employee (employee_id, salary, date_of_birth, member_id, person_id) values ('E056' , '$6102.46', '2000-12-26', NULL, 25);
insert into employee (employee_id, salary, date_of_birth, member_id, person_id) values ('E076' , '$4208.32', '2000-12-01', NULL, 26);
insert into employee (employee_id, salary, date_of_birth, member_id, person_id) values ('E067' , '$5804.26', '2000-05-21', NULL, 27);
insert into employee (employee_id, salary, date_of_birth, member_id, person_id) values ('E010' , '$6789.05', '2000-08-11', NULL, 28);
insert into employee (employee_id, salary, date_of_birth, member_id, person_id) values ('E051' , '$6318.92', '2000-04-20', NULL, 29);
insert into employee (employee_id, salary, date_of_birth, member_id, person_id) values ('E011' , '$6410.59', '2000-05-02', NULL, 30);
insert into employee (employee_id, salary, date_of_birth, member_id, person_id) values ('E044' , '$7976.41', '2000-06-04', NULL, 31);
insert into employee (employee_id, salary, date_of_birth, member_id, person_id) values ('E042' , '$6750.30', '2000-06-10', NULL, 32);
insert into employee (employee_id, salary, date_of_birth, member_id, person_id) values ('E070' , '$7532.01', '2000-12-25', NULL, 33);
insert into employee (employee_id, salary, date_of_birth, member_id, person_id) values ('E004' , '$7298.60', '2000-10-28', NULL, 34);
insert into employee (employee_id, salary, date_of_birth, member_id, person_id) values ('E041' , '$1733.73', '2000-04-15', NULL, 35);
insert into employee (employee_id, salary, date_of_birth, member_id, person_id) values ('E024' , '$493.55', '2000-07-12', NULL, 36);
insert into employee (employee_id, salary, date_of_birth, member_id, person_id) values ('E065', '$5703.64', '2000-10-27', NULL, 37);
insert into employee (employee_id, salary, date_of_birth, member_id, person_id) values ('E072', '$3778.72', '2000-05-14', NULL, 38);
insert into employee (employee_id, salary, date_of_birth, member_id, person_id) values ('E025' , '$2011.70', '2000-12-19', NULL, 39);
insert into employee (employee_id, salary, date_of_birth, member_id, person_id) values ('E099' , '$4209.87', '2000-08-08', NULL, 40);
insert into employee (employee_id, salary, date_of_birth, member_id, person_id) values ('E040' , '$6566.21', '2000-04-09', NULL, 41);
insert into employee (employee_id, salary, date_of_birth, member_id, person_id) values ('E022' , '$4756.75', '2000-12-02', NULL, 42);
insert into employee (employee_id, salary, date_of_birth, member_id, person_id) values ('E078' , '$5288.84', '2000-03-10', NULL, 43);
insert into employee (employee_id, salary, date_of_birth, member_id, person_id) values ('E021' , '$570.99', '2000-12-25', NULL, 44);
insert into employee (employee_id, salary, date_of_birth, member_id, person_id) values ('E016', '$3093.80', '2000-09-29', NULL, 45);
insert into employee (employee_id, salary, date_of_birth, member_id, person_id) values ('E047', '$693.55', '2000-09-25', NULL, 46);
insert into employee (employee_id, salary, date_of_birth, member_id, person_id) values ('E062', '$6416.34', '2000-09-29', NULL, 47);
insert into employee (employee_id, salary, date_of_birth, member_id, person_id) values ('E091', '$678.51', '2000-12-25', NULL, 48);
insert into employee (employee_id, salary, date_of_birth, member_id, person_id) values ('E096', '$4873.15', '2000-07-23', NULL, 49);
insert into employee (employee_id, salary, date_of_birth, member_id, person_id) values ('E015', '$4057.84', '2000-04-08', NULL, 50);
insert into employee (employee_id, salary, date_of_birth, member_id, person_id) values ('E082', '$3976.82', '2000-11-15', NULL, 51);
insert into employee (employee_id, salary, date_of_birth, member_id, person_id) values ('E003', '$2701.19', '2000-10-18', NULL, 52);
insert into employee (employee_id, salary, date_of_birth, member_id, person_id) values ('E052', '$5461.12', '2000-01-08', NULL, 53);
insert into employee (employee_id, salary, date_of_birth, member_id, person_id) values ('E001', '$920.99', '2000-02-14', NULL, 54);
insert into employee (employee_id, salary, date_of_birth, member_id, person_id) values ('E006', '$3397.67', '2000-10-13', NULL, 55);
insert into employee (employee_id, salary, date_of_birth, member_id, person_id) values ('E023', '$4141.97', '2000-04-10', NULL, 56);
insert into employee (employee_id, salary, date_of_birth, member_id, person_id) values ('E098', '$1854.78', '2000-07-17', NULL, 57);
insert into employee (employee_id, salary, date_of_birth, member_id, person_id) values ('E071', '$768.21', '2000-01-05', NULL, 58);
insert into employee (employee_id, salary, date_of_birth, member_id, person_id) values ('E080', '$2496.22', '2000-01-19', NULL, 59);
insert into employee (employee_id, salary, date_of_birth, member_id, person_id) values ('E031', '$7193.40', '2000-06-19', NULL, 60);


insert into employment (employee_id, role_name, start_date) values ('E001', 'Manager', '2022-01-16');
insert into employment (employee_id, role_name, start_date) values ('E002', 'Manager', '2021-10-19');
insert into employment (employee_id, role_name, start_date) values ('E003', 'Floor Staff', '2022-09-09');
insert into employment (employee_id, role_name, start_date) values ('E004', 'Cashier', '2022-08-08');
insert into employment (employee_id, role_name, start_date) values ('E005', 'Floor Staff', '2022-12-31');
insert into employment (employee_id, role_name, start_date) values ('E006', 'Manager', '2023-04-12');
insert into employment (employee_id, role_name, start_date) values ('E010', 'Manager', '2021-06-09');
insert into employment (employee_id, role_name, start_date) values ('E011', 'Cashier', '2022-04-26');
insert into employment (employee_id, role_name, start_date) values ('E013', 'Floor Staff', '2022-06-27');
insert into employment (employee_id, role_name, start_date) values ('E014', 'Floor Staff', '2022-04-25');
insert into employment (employee_id, role_name, start_date) values ('E015', 'Cashier', '2022-02-25');
insert into employment (employee_id, role_name, start_date) values ('E016', 'Cashier', '2022-09-14');
insert into employment (employee_id, role_name, start_date) values ('E018', 'Manager', '2022-03-18');
insert into employment (employee_id, role_name, start_date) values ('E021', 'Manager', '2021-09-30');
insert into employment (employee_id, role_name, start_date) values ('E022', 'Floor Staff', '2022-10-30');
insert into employment (employee_id, role_name, start_date) values ('E023', 'Manager', '2022-05-01');
insert into employment (employee_id, role_name, start_date) values ('E024', 'Floor Staff', '2021-09-13');
insert into employment (employee_id, role_name, start_date) values ('E025', 'Floor Staff', '2021-05-22');
insert into employment (employee_id, role_name, start_date) values ('E026', 'Manager', '2022-07-28');
insert into employment (employee_id, role_name, start_date) values ('E028', 'Floor Staff', '2022-06-20');
insert into employment (employee_id, role_name, start_date) values ('E031', 'Floor Staff', '2023-03-23');
insert into employment (employee_id, role_name, start_date) values ('E033', 'Floor Staff', '2022-10-12');
insert into employment (employee_id, role_name, start_date) values ('E036', 'Manager', '2021-05-23');
insert into employment (employee_id, role_name, start_date) values ('E040', 'Floor Staff', '2022-11-06');
insert into employment (employee_id, role_name, start_date) values ('E041', 'Cashier', '2021-08-15');
insert into employment (employee_id, role_name, start_date) values ('E042', 'Manager', '2022-12-09');
insert into employment (employee_id, role_name, start_date) values ('E043', 'Floor Staff', '2023-02-17');
insert into employment (employee_id, role_name, start_date) values ('E044', 'Manager', '2022-07-11');
insert into employment (employee_id, role_name, start_date) values ('E047', 'Manager', '2022-07-15');
insert into employment (employee_id, role_name, start_date) values ('E051', 'Manager', '2022-01-09');
insert into employment (employee_id, role_name, start_date) values ('E052', 'Floor Staff', '2021-09-09');
insert into employment (employee_id, role_name, start_date) values ('E055', 'Manager', '2023-02-24');
insert into employment (employee_id, role_name, start_date) values ('E056', 'Floor Staff', '2021-08-20');
insert into employment (employee_id, role_name, start_date) values ('E057', 'Cashier', '2023-01-17');
insert into employment (employee_id, role_name, start_date) values ('E061', 'Cashier', '2023-02-04');
insert into employment (employee_id, role_name, start_date) values ('E062', 'Floor Staff', '2022-09-05');
insert into employment (employee_id, role_name, start_date) values ('E063', 'Cashier', '2022-04-27');
insert into employment (employee_id, role_name, start_date) values ('E064', 'Cashier', '2022-08-11');
insert into employment (employee_id, role_name, start_date) values ('E065', 'Manager', '2022-09-26');
insert into employment (employee_id, role_name, start_date) values ('E066', 'Manager', '2022-10-03');
insert into employment (employee_id, role_name, start_date) values ('E067', 'Cashier', '2022-07-19');
insert into employment (employee_id, role_name, start_date) values ('E069', 'Cashier', '2021-08-07');
insert into employment (employee_id, role_name, start_date) values ('E070', 'Manager', '2022-07-19');
insert into employment (employee_id, role_name, start_date) values ('E071', 'Manager', '2021-06-18');
insert into employment (employee_id, role_name, start_date) values ('E072', 'Manager', '2022-01-26');
insert into employment (employee_id, role_name, start_date) values ('E073', 'Manager', '2022-04-05');
insert into employment (employee_id, role_name, start_date) values ('E076', 'Manager', '2023-03-18');
insert into employment (employee_id, role_name, start_date) values ('E078', 'Floor Staff', '2022-07-20');
insert into employment (employee_id, role_name, start_date) values ('E080', 'Manager', '2021-10-21');
insert into employment (employee_id, role_name, start_date) values ('E082', 'Manager', '2022-04-14');
insert into employment (employee_id, role_name, start_date) values ('E085', 'Floor Staff', '2021-12-31');
insert into employment (employee_id, role_name, start_date) values ('E088', 'Manager', '2022-03-21');
insert into employment (employee_id, role_name, start_date) values ('E089', 'Floor Staff', '2022-03-09');
insert into employment (employee_id, role_name, start_date) values ('E091', 'Cashier', '2021-12-28');
insert into employment (employee_id, role_name, start_date) values ('E092', 'Manager', '2022-03-28');
insert into employment (employee_id, role_name, start_date) values ('E093', 'Cashier', '2021-06-05');
insert into employment (employee_id, role_name, start_date) values ('E094', 'Cashier', '2021-12-14');
insert into employment (employee_id, role_name, start_date) values ('E096', 'Manager', '2023-03-28');
insert into employment (employee_id, role_name, start_date) values ('E098', 'Cashier', '2022-07-17');
insert into employment (employee_id, role_name, start_date) values ('E099', 'Cashier', '2022-06-08');


insert into manager (manager_id) values ('E001');
insert into manager (manager_id) values ('E002');
insert into manager (manager_id) values ('E006');
insert into manager (manager_id) values ('E010');
insert into manager (manager_id) values ('E018');
insert into manager (manager_id) values ('E021');
insert into manager (manager_id) values ('E023');
insert into manager (manager_id) values ('E026');
insert into manager (manager_id) values ('E036');
insert into manager (manager_id) values ('E042');
insert into manager (manager_id) values ('E044');
insert into manager (manager_id) values ('E047');
insert into manager (manager_id) values ('E051');
insert into manager (manager_id) values ('E055');
insert into manager (manager_id) values ('E065');
insert into manager (manager_id) values ('E066');
insert into manager (manager_id) values ('E070');
insert into manager (manager_id) values ('E071');
insert into manager (manager_id) values ('E072');
insert into manager (manager_id) values ('E073');
insert into manager (manager_id) values ('E076');
insert into manager (manager_id) values ('E080');
insert into manager (manager_id) values ('E082');
insert into manager (manager_id) values ('E088');
insert into manager (manager_id) values ('E092');
insert into manager (manager_id) values ('E096');


insert into floor_staff (floor_staff_id) values ('E003');
insert into floor_staff (floor_staff_id) values ('E005');
insert into floor_staff (floor_staff_id) values ('E013');
insert into floor_staff (floor_staff_id) values ('E014');
insert into floor_staff (floor_staff_id) values ('E022');
insert into floor_staff (floor_staff_id) values ('E024');
insert into floor_staff (floor_staff_id) values ('E025');
insert into floor_staff (floor_staff_id) values ('E028');
insert into floor_staff (floor_staff_id) values ('E031');
insert into floor_staff (floor_staff_id) values ('E033');
insert into floor_staff (floor_staff_id) values ('E040');
insert into floor_staff (floor_staff_id) values ('E043');
insert into floor_staff (floor_staff_id) values ('E052');
insert into floor_staff (floor_staff_id) values ('E056');
insert into floor_staff (floor_staff_id) values ('E062');
insert into floor_staff (floor_staff_id) values ('E078');
insert into floor_staff (floor_staff_id) values ('E085');
insert into floor_staff (floor_staff_id) values ('E089');


insert into cashier (cashier_id) values ('E004');
insert into cashier (cashier_id) values ('E011');
insert into cashier (cashier_id) values ('E015');
insert into cashier (cashier_id) values ('E016');
insert into cashier (cashier_id) values ('E041');
insert into cashier (cashier_id) values ('E057');
insert into cashier (cashier_id) values ('E061');
insert into cashier (cashier_id) values ('E063');
insert into cashier (cashier_id) values ('E064');
insert into cashier (cashier_id) values ('E067');
insert into cashier (cashier_id) values ('E069');
insert into cashier (cashier_id) values ('E091');
insert into cashier (cashier_id) values ('E093');
insert into cashier (cashier_id) values ('E094');
insert into cashier (cashier_id) values ('E098');
insert into cashier (cashier_id) values ('E099');

insert into customer (customer_id, person_id, member_id) values (61, 61, 61);
insert into customer (customer_id, person_id, member_id) values (62, 62, 63);
insert into customer (customer_id, person_id, member_id) values (63, 63, 65);
insert into customer (customer_id, person_id, member_id) values (64, 64, 67);
insert into customer (customer_id, person_id, member_id) values (65, 65, 69);
insert into customer (customer_id, person_id, member_id) values (66, 66, 71);
insert into customer (customer_id, person_id, member_id) values (67, 67, NULL);
insert into customer (customer_id, person_id, member_id) values (68, 68, NULL);
insert into customer (customer_id, person_id, member_id) values (69, 69, NULL);
insert into customer (customer_id, person_id, member_id) values (70, 70, NULL);
insert into customer (customer_id, person_id, member_id) values (71, 71, NULL);
insert into customer (customer_id, person_id, member_id) values (72, 72, NULL);
insert into customer (customer_id, person_id, member_id) values (73, 73, NULL);
insert into customer (customer_id, person_id, member_id) values (74, 74, NULL);
insert into customer (customer_id, person_id, member_id) values (75, 75, NULL);
insert into customer (customer_id, person_id, member_id) values (76, 76, NULL);
insert into customer (customer_id, person_id, member_id) values (77, 77, NULL);
insert into customer (customer_id, person_id, member_id) values (78, 78, NULL);
insert into customer (customer_id, person_id, member_id) values (79, 79, NULL);
insert into customer (customer_id, person_id, member_id) values (80, 80, NULL);
insert into customer (customer_id, person_id, member_id) values (81, 81, NULL);
insert into customer (customer_id, person_id, member_id) values (82, 82, NULL);
insert into customer (customer_id, person_id, member_id) values (83, 83, NULL);
insert into customer (customer_id, person_id, member_id) values (84, 84, NULL);
insert into customer (customer_id, person_id, member_id) values (85, 85, NULL);
insert into customer (customer_id, person_id, member_id) values (86, 86, NULL);
insert into customer (customer_id, person_id, member_id) values (87, 87, NULL);
insert into customer (customer_id, person_id, member_id) values (88, 88, NULL);
insert into customer (customer_id, person_id, member_id) values (89, 89, NULL);
insert into customer (customer_id, person_id, member_id) values (90, 90, NULL);
insert into customer (customer_id, person_id, member_id) values (91, 91, NULL);
insert into customer (customer_id, person_id, member_id) values (92, 92, NULL);
insert into customer (customer_id, person_id, member_id) values (93, 93, NULL);
insert into customer (customer_id, person_id, member_id) values (94, 94, NULL);
insert into customer (customer_id, person_id, member_id) values (95, 95, NULL);
insert into customer (customer_id, person_id, member_id) values (96, 96, NULL);
insert into customer (customer_id, person_id, member_id) values (97, 97, NULL);
insert into customer (customer_id, person_id, member_id) values (98, 98, NULL);
insert into customer (customer_id, person_id, member_id) values (99, 99, NULL);
insert into customer (customer_id, person_id, member_id) values (100, 100, NULL);

insert into visit (customer_id, store_id) values (61, 1);
insert into visit (customer_id, store_id) values (62, 2);
insert into visit (customer_id, store_id) values (63, 3);
insert into visit (customer_id, store_id) values (64, 4);
insert into visit (customer_id, store_id) values (65, 5);
insert into visit (customer_id, store_id) values (66, 6);
insert into visit (customer_id, store_id) values (67, 7);
insert into visit (customer_id, store_id) values (68, 8);
insert into visit (customer_id, store_id) values (69, 9);
insert into visit (customer_id, store_id) values (70, 10);
insert into visit (customer_id, store_id) values (71, 11);
insert into visit (customer_id, store_id) values (72, 12);
insert into visit (customer_id, store_id) values (73, 13);
insert into visit (customer_id, store_id) values (74, 14);
insert into visit (customer_id, store_id) values (75, 15);
insert into visit (customer_id, store_id) values (76, 16);
insert into visit (customer_id, store_id) values (77, 17);
insert into visit (customer_id, store_id) values (78, 18);
insert into visit (customer_id, store_id) values (79, 19);
insert into visit (customer_id, store_id) values (80, 20);

