insert into `member` (member_id) values (13);
insert into `member` (member_id) values (15);
insert into `member` (member_id) values (17);
insert into `member` (member_id) values (19);
insert into `member` (member_id) values (21);
insert into `member` (member_id) values (23);
insert into `member` (member_id) values (25);
insert into `member` (member_id) values (27);
insert into `member` (member_id) values (29);
insert into `member` (member_id) values (31);
insert into `member` (member_id) values (33);
insert into `member` (member_id) values (35);
insert into `member` (member_id) values (37);
insert into `member` (member_id) values (39);
insert into `member` (member_id) values (41);
insert into `member` (member_id) values (43);
insert into `member` (member_id) values (45);
insert into `member` (member_id) values (47);
insert into `member` (member_id) values (49);
insert into `member` (member_id) values (51);
insert into `member` (member_id) values (53);
insert into `member` (member_id) values (55);
insert into `member` (member_id) values (57);
insert into `member` (member_id) values (59);
insert into `member` (member_id) values (61);
insert into `member` (member_id) values (63);
insert into `member` (member_id) values (65);
insert into `member` (member_id) values (67);
insert into `member` (member_id) values (69);
insert into `member` (member_id) values (71);



insert into membership_card (card_id, start_date, payment_points, member_id) values (1, '2023-02-20', 26, 13);
insert into membership_card (card_id, start_date, payment_points, member_id) values (2, '2023-02-24', 912, 15);
insert into membership_card (card_id, start_date, payment_points, member_id) values (3, '2022-08-10', 77, 17);
insert into membership_card (card_id, start_date, payment_points, member_id) values (4, '2022-06-08', 861, 19);
insert into membership_card (card_id, start_date, payment_points, member_id) values (5, '2022-09-14', 60, 21);
insert into membership_card (card_id, start_date, payment_points, member_id) values (6, '2022-12-10', 923, 23);
insert into membership_card (card_id, start_date, payment_points, member_id) values (7, '2023-03-06', 242, 25);
insert into membership_card (card_id, start_date, payment_points, member_id) values (8, '2022-10-15', 475, 27);
insert into membership_card (card_id, start_date, payment_points, member_id) values (9, '2022-08-18', 751, 29);
insert into membership_card (card_id, start_date, payment_points, member_id) values (10, '2022-05-15', 762, 31);
insert into membership_card (card_id, start_date, payment_points, member_id) values (11, '2022-08-28', 981, 33);
insert into membership_card (card_id, start_date, payment_points, member_id) values (12, '2022-06-02', 252, 35);
insert into membership_card (card_id, start_date, payment_points, member_id) values (13, '2022-06-05', 129, 37);
insert into membership_card (card_id, start_date, payment_points, member_id) values (14, '2022-05-06', 624, 39);
insert into membership_card (card_id, start_date, payment_points, member_id) values (15, '2023-02-25', 732, 41);
insert into membership_card (card_id, start_date, payment_points, member_id) values (16, '2022-11-03', 266, 43);
insert into membership_card (card_id, start_date, payment_points, member_id) values (17, '2022-10-09', 173, 45);
insert into membership_card (card_id, start_date, payment_points, member_id) values (18, '2022-12-12', 576, 47);
insert into membership_card (card_id, start_date, payment_points, member_id) values (19, '2023-03-07', 355, 49);
insert into membership_card (card_id, start_date, payment_points, member_id) values (20, '2022-08-26', 612, 51);
insert into membership_card (card_id, start_date, payment_points, member_id) values (21, '2022-06-16', 142, 53);
insert into membership_card (card_id, start_date, payment_points, member_id) values (22, '2023-02-10', 515, 55);
insert into membership_card (card_id, start_date, payment_points, member_id) values (23, '2022-11-26', 458, 57);
insert into membership_card (card_id, start_date, payment_points, member_id) values (24, '2022-12-20', 853, 59);
insert into membership_card (card_id, start_date, payment_points, member_id) values (25, '2023-03-23', 568, 61);
insert into membership_card (card_id, start_date, payment_points, member_id) values (26, '2022-10-22', 561, 63);
insert into membership_card (card_id, start_date, payment_points, member_id) values (27, '2022-08-05', 476, 65);
insert into membership_card (card_id, start_date, payment_points, member_id) values (28, '2022-11-21', 417, 67);
insert into membership_card (card_id, start_date, payment_points, member_id) values (29, '2022-06-07', 366, 69);
insert into membership_card (card_id, start_date, payment_points, member_id) values (30, '2023-03-13', 50, 71);


insert into promotion (promotion_card_id, promotion_id, description) values (1, 1, 'In hac habitasse platea dictumst.');
insert into promotion (promotion_card_id, promotion_id, description) values (2, 2, 'Integer aliquet, massa id lobortis convallis, tortor.');
insert into promotion (promotion_card_id, promotion_id, description) values (3, 3, 'Sed sagittis. Nam congue, risus semper porta volutpat, quam pede lobortis ligula.');
insert into promotion (promotion_card_id, promotion_id, description) values (4, 4, 'Pellentesque at nulla. Suspendisse potenti.');
insert into promotion (promotion_card_id, promotion_id, description) values (5, 5, 'Nunc nisl.');
insert into promotion (promotion_card_id, promotion_id, description) values (6, 6, 'In congue.');
insert into promotion (promotion_card_id, promotion_id, description) values (7, 7, 'In congue.');
insert into promotion (promotion_card_id, promotion_id, description) values (8, 8, 'Suspendisse potenti. In eleifend quam a odio.');
insert into promotion (promotion_card_id, promotion_id, description) values (9, 9, 'Donec ut mauris eget massa tempor convallis.');
insert into promotion (promotion_card_id, promotion_id, description) values (10, 10, 'Praesent lectus. Vestibulum quam sapien, varius ut, blandit non, interdum in, ante.');
insert into promotion (promotion_card_id, promotion_id, description) values (11, 11, 'Ut tellus. Nulla ut erat id mauris vulputate elementum.');
insert into promotion (promotion_card_id, promotion_id, description) values (12, 12, 'Cras pellentesque volutpat dui.');
insert into promotion (promotion_card_id, promotion_id, description) values (13, 13, 'Morbi non quam nec dui luctus rutrum. Nulla tellus.');
insert into promotion (promotion_card_id, promotion_id, description) values (14, 14, 'Duis mattis egestas metus.');
insert into promotion (promotion_card_id, promotion_id, description) values (15, 15, 'Vivamus vestibulum sagittis sapien. Cum sociis natoque penatibus.');
insert into promotion (promotion_card_id, promotion_id, description) values (16, 16, 'Mauris sit amet eros. Suspendisse accumsan tortor quis turpis.');
insert into promotion (promotion_card_id, promotion_id, description) values (17, 17, 'Suspendisse accumsan tortor quis turpis.');
insert into promotion (promotion_card_id, promotion_id, description) values (18, 18, 'Duis mattis egestas metus. Aenean fermentum.');
insert into promotion (promotion_card_id, promotion_id, description) values (19, 19, 'Pellentesque viverra pede ac diam. Cras pellentesque volutpat dui.');
insert into promotion (promotion_card_id, promotion_id, description) values (20, 20, 'Suspendisse ornare consequat lectus. In est risus, auctor sed, tristique in, tempus sit amet, sem.');
insert into promotion (promotion_card_id, promotion_id, description) values (21, 21, 'Fusce congue, diam id ornare imperdiet, sapien urna pretium nisl, ut volutpat sapien arcu sed augue.');
insert into promotion (promotion_card_id, promotion_id, description) values (22, 22, 'Etiam vel augue. Vestibulum rutrum rutrum neque.');
insert into promotion (promotion_card_id, promotion_id, description) values (23, 23, 'Donec dapibus.');
insert into promotion (promotion_card_id, promotion_id, description) values (24, 24, 'Maecenas tristique, est et tempus semper, est quam pharetra magna.');
insert into promotion (promotion_card_id, promotion_id, description) values (25, 25, 'Praesent blandit lacinia erat. Vestibulum sed magna at nunc commodo placerat.');
insert into promotion (promotion_card_id, promotion_id, description) values (26, 26, 'Nulla ac enim. In tempor, turpis nec euismod scelerisque.');
insert into promotion (promotion_card_id, promotion_id, description) values (27, 27, 'Curabitur gravida nisi at nibh. In hac habitasse platea dictumst.');
insert into promotion (promotion_card_id, promotion_id, description) values (28, 28, 'Aenean auctor gravida sem.');
insert into promotion (promotion_card_id, promotion_id, description) values (29, 29, 'Donec semper sapien a libero. Nam dui.');
insert into promotion (promotion_card_id, promotion_id, description) values (30, 30, 'Vestibulum ante ipsum primis in faucibus orci luctus et ultrices posuere cubilia Curaet.');
